A1,A2,A3,A4,A5,A6,A7,A8,A9,A10,A11,A12,A13,A14,A15,class,mobile_usage_gb,upi_transaction_count,electricity_bill_amount
b,30.83,0.0,u,g,w,v,1.25,t,t,1,f,g,202.0,0,1,1.81,30,2583
a,58.67,4.46,u,g,q,h,3.04,t,t,6,f,g,43.0,560,1,16.87,19,1153
a,24.5,0.5,u,g,q,h,1.5,t,f,0,f,g,280.0,824,1,18.45,85,517
b,27.83,1.54,u,g,w,v,3.75,t,t,5,t,g,100.0,3,1,19.68,63,1494
b,20.17,5.625,u,g,w,v,1.71,t,f,0,f,s,120.0,0,1,17.88,32,1096
b,32.08,4.0,u,g,m,v,2.5,t,f,0,t,g,360.0,0,1,11.05,51,1798
b,33.17,1.04,u,g,r,h,6.5,t,f,0,t,g,164.0,31285,1,14.52,63,2717
a,22.92,11.585,u,g,cc,v,0.04,t,f,0,f,g,80.0,1349,1,8.43,29,2205
b,54.42,0.5,y,p,k,h,3.96,t,f,0,f,g,180.0,314,1,12.02,20,2553
b,42.5,4.915,y,p,w,v,3.165,t,f,0,t,g,52.0,1442,1,17.39,12,1685
b,22.08,0.83,u,g,c,h,2.165,f,f,0,t,g,128.0,0,1,16.65,94,557
b,29.92,1.835,u,g,c,h,4.335,t,f,0,f,g,260.0,200,1,1.94,75,2733
a,38.25,6.0,u,g,k,v,1.0,t,f,0,t,g,0.0,0,1,18.87,84,1585
b,48.08,6.04,u,g,k,v,0.04,f,f,0,f,g,0.0,2690,1,3.64,64,1819
a,45.83,10.5,u,g,q,v,5.0,t,t,7,t,g,0.0,0,1,17.55,72,1288
b,36.67,4.415,y,p,k,v,0.25,t,t,10,t,g,320.0,0,1,9.95,89,1659
b,28.25,0.875,u,g,m,v,0.96,t,t,3,t,g,396.0,0,1,2.56,54,414
a,23.25,5.875,u,g,q,v,3.17,t,t,10,f,g,120.0,245,1,5.59,52,2320
b,21.83,0.25,u,g,d,h,0.665,t,f,0,t,g,0.0,0,1,16.11,65,2905
a,19.17,8.585,u,g,cc,h,0.75,t,t,7,f,g,96.0,0,1,15.11,58,1018
b,25.0,11.25,u,g,c,v,2.5,t,t,17,f,g,200.0,1208,1,2.24,99,2613
b,23.25,1.0,u,g,c,v,0.835,t,f,0,f,s,300.0,0,1,10.06,5,1772
a,47.75,8.0,u,g,c,v,7.875,t,t,6,t,g,0.0,1260,1,17.54,23,2928
a,27.42,14.5,u,g,x,h,3.085,t,t,1,f,g,120.0,11,1,14.04,69,1986
a,41.17,6.5,u,g,q,v,0.5,t,t,3,t,g,145.0,0,1,8.05,55,705
a,15.83,0.585,u,g,c,h,1.5,t,t,2,f,g,100.0,0,1,10.97,31,1702
a,47.0,13.0,u,g,i,bb,5.165,t,t,9,t,g,0.0,0,1,14.21,51,1161
b,56.58,18.5,u,g,d,bb,15.0,t,t,17,t,g,0.0,0,1,1.92,32,2957
b,57.42,8.5,u,g,e,h,7.0,t,t,3,f,g,0.0,0,1,3.83,38,2819
b,42.08,1.04,u,g,w,v,5.0,t,t,6,t,g,500.0,10000,1,10.79,2,949
b,29.25,14.79,u,g,aa,v,5.04,t,t,5,t,g,168.0,0,1,4.62,92,2147
b,42.0,9.79,u,g,x,h,7.96,t,t,8,f,g,0.0,0,1,10.02,62,723
b,49.5,7.585,u,g,i,bb,7.585,t,t,15,t,g,0.0,5000,1,15.47,29,858
a,36.75,5.125,u,g,e,v,5.0,t,f,0,t,g,0.0,4000,1,9.76,84,2761
a,22.58,10.75,u,g,q,v,0.415,t,t,5,t,g,0.0,560,1,7.72,24,332
b,27.83,1.5,u,g,w,v,2.0,t,t,11,t,g,434.0,35,1,9.96,3,1717
b,27.25,1.585,u,g,cc,h,1.835,t,t,12,t,g,583.0,713,1,2.39,30,2223
a,23.0,11.75,u,g,x,h,0.5,t,t,2,t,g,300.0,551,1,4.92,10,1207
b,27.75,0.585,y,p,cc,v,0.25,t,t,2,f,g,260.0,500,1,17.4,58,2193
b,54.58,9.415,u,g,ff,ff,14.415,t,t,11,t,g,30.0,300,1,18.25,93,882
b,34.17,9.17,u,g,c,v,4.5,t,t,12,t,g,0.0,221,1,16.79,79,2840
b,28.92,15.0,u,g,c,h,5.335,t,t,11,f,g,0.0,2283,1,0.68,37,1393
b,29.67,1.415,u,g,w,h,0.75,t,t,1,f,g,240.0,100,1,9.32,39,2795
b,39.58,13.915,u,g,w,v,8.625,t,t,6,t,g,70.0,0,1,18.59,95,2612
b,56.42,28.0,y,p,c,v,28.5,t,t,40,f,g,0.0,15,1,4.17,95,1519
b,54.33,6.75,u,g,c,h,2.625,t,t,11,t,g,0.0,284,1,1.99,2,2919
a,41.0,2.04,y,p,q,h,0.125,t,t,23,t,g,455.0,1236,1,11.03,38,2567
b,31.92,4.46,u,g,cc,h,6.04,t,t,3,f,g,311.0,300,1,11.2,48,2444
b,41.5,1.54,u,g,i,bb,3.5,f,f,0,f,g,216.0,0,1,5.5,24,758
b,23.92,0.665,u,g,c,v,0.165,f,f,0,f,g,100.0,0,1,17.64,73,1162
a,25.75,0.5,u,g,c,h,0.875,t,f,0,t,g,491.0,0,1,1.65,3,2972
b,26.0,1.0,u,g,q,v,1.75,t,f,0,t,g,280.0,0,1,7.38,25,1749
b,37.42,2.04,u,g,w,v,0.04,t,f,0,t,g,400.0,5800,1,3.96,22,1220
b,34.92,2.5,u,g,w,v,0.0,t,f,0,t,g,239.0,200,1,11.86,20,360
b,34.25,3.0,u,g,cc,h,7.415,t,f,0,t,g,0.0,0,1,4.01,77,1882
b,23.33,11.625,y,p,w,v,0.835,t,f,0,t,g,160.0,300,1,15.13,92,501
b,23.17,0.0,u,g,cc,v,0.085,t,f,0,f,g,0.0,0,1,6.73,60,1500
b,44.33,0.5,u,g,i,h,5.0,t,f,0,t,g,320.0,0,1,7.84,59,2503
b,35.17,4.5,u,g,x,h,5.75,f,f,0,t,s,711.0,0,1,11.4,67,1273
b,43.25,3.0,u,g,q,h,6.0,t,t,11,f,g,80.0,0,1,4.96,12,2921
b,56.75,12.25,u,g,m,v,1.25,t,t,4,t,g,200.0,0,1,3.67,25,1494
b,31.67,16.165,u,g,d,v,3.0,t,t,9,f,g,250.0,730,1,12.04,49,546
a,23.42,0.79,y,p,q,v,1.5,t,t,2,t,g,80.0,400,1,2.63,96,743
a,20.42,0.835,u,g,q,v,1.585,t,t,1,f,g,0.0,0,1,5.86,66,306
b,26.67,4.25,u,g,cc,v,4.29,t,t,1,t,g,120.0,0,1,11.42,24,709
b,34.17,1.54,u,g,cc,v,1.54,t,t,1,t,g,520.0,50000,1,3.63,94,2820
a,36.0,1.0,u,g,c,v,2.0,t,t,11,f,g,0.0,456,1,10.68,48,2242
b,25.5,0.375,u,g,m,v,0.25,t,t,3,f,g,260.0,15108,1,11.65,72,2164
b,19.42,6.5,u,g,w,h,1.46,t,t,7,f,g,80.0,2954,1,5.65,46,491
b,35.17,25.125,u,g,x,h,1.625,t,t,1,t,g,515.0,500,1,10.69,76,928
b,32.33,7.5,u,g,e,bb,1.585,t,f,0,t,s,420.0,0,0,6.4,61,681
a,38.58,5.0,u,g,cc,v,13.5,t,f,0,t,g,980.0,0,0,17.4,55,284
b,44.25,0.5,u,g,m,v,10.75,t,f,0,f,s,400.0,0,0,13.49,77,489
b,44.83,7.0,y,p,c,v,1.625,f,f,0,f,g,160.0,2,0,8.08,86,806
b,20.67,5.29,u,g,q,v,0.375,t,t,1,f,g,160.0,0,0,19.79,61,682
b,34.08,6.5,u,g,aa,v,0.125,t,f,0,t,g,443.0,0,0,5.01,20,2507
a,19.17,0.585,y,p,aa,v,0.585,t,f,0,t,g,160.0,0,0,4.9,72,1871
b,21.67,1.165,y,p,k,v,2.5,t,t,1,f,g,180.0,20,0,16.75,23,2977
b,21.5,9.75,u,g,c,v,0.25,t,f,0,f,g,140.0,0,0,3.92,4,2692
b,49.58,19.0,u,g,ff,ff,0.0,t,t,1,f,g,94.0,0,0,13.57,90,1148
a,27.67,1.5,u,g,m,v,2.0,t,f,0,f,s,368.0,0,0,12.58,35,2606
b,39.83,0.5,u,g,m,v,0.25,t,f,0,f,s,288.0,0,0,1.77,84,2453
b,27.25,0.625,u,g,aa,v,0.455,t,f,0,t,g,200.0,0,0,1.73,60,2674
b,37.17,4.0,u,g,c,bb,5.0,t,f,0,t,s,280.0,0,0,0.96,70,1636
b,25.67,2.21,y,p,aa,v,4.0,t,f,0,f,g,188.0,0,0,15.49,67,2873
b,34.0,4.5,u,g,aa,v,1.0,t,f,0,t,g,240.0,0,0,5.2,50,1859
a,49.0,1.5,u,g,j,j,0.0,t,f,0,t,g,100.0,27,0,16.8,14,1422
b,62.5,12.75,y,p,c,h,5.0,t,f,0,f,g,112.0,0,0,16.15,61,694
b,31.42,15.5,u,g,c,v,0.5,t,f,0,f,g,120.0,0,0,16.15,62,1005
b,52.33,1.375,y,p,c,h,9.46,t,f,0,t,g,200.0,100,0,3.57,59,2644
b,28.75,1.5,y,p,c,v,1.5,t,f,0,t,g,0.0,225,0,5.43,25,1555
a,28.58,3.54,u,g,i,bb,0.5,t,f,0,t,g,171.0,0,0,1.53,99,2525
b,23.0,0.625,y,p,aa,v,0.125,t,f,0,f,g,180.0,1,0,15.77,0,1192
a,22.5,11.0,y,p,q,v,3.0,t,f,0,t,g,268.0,0,0,2.75,88,1125
a,28.5,1.0,u,g,q,v,1.0,t,t,2,t,g,167.0,500,0,18.16,55,327
b,37.5,1.75,y,p,c,bb,0.25,t,f,0,t,g,164.0,400,0,12.33,37,2360
b,35.25,16.5,y,p,c,v,4.0,t,f,0,f,g,80.0,0,0,11.64,34,1381
b,18.67,5.0,u,g,q,v,0.375,t,t,2,f,g,0.0,38,0,0.69,82,218
b,25.0,12.0,u,g,k,v,2.25,t,t,2,t,g,120.0,5,0,7.1,98,566
b,27.83,4.0,y,p,i,h,5.75,t,t,2,t,g,75.0,0,0,5.12,30,1320
b,54.83,15.5,u,g,e,z,0.0,t,t,20,f,g,152.0,130,0,8.9,1,304
b,28.75,1.165,u,g,k,v,0.5,t,f,0,f,s,280.0,0,0,13.25,83,664
a,25.0,11.0,y,p,aa,v,4.5,t,f,0,f,g,120.0,0,0,18.84,88,2574
b,40.92,2.25,y,p,x,h,10.0,t,f,0,t,g,176.0,0,0,16.82,61,2498
a,19.75,0.75,u,g,c,v,0.795,t,t,5,t,g,140.0,5,0,8.01,47,1180
b,29.17,3.5,u,g,w,v,3.5,t,t,3,t,g,329.0,0,0,13.43,61,2317
a,24.5,1.04,y,p,ff,ff,0.5,t,t,3,f,g,180.0,147,0,0.61,46,2366
b,24.58,12.5,u,g,w,v,0.875,t,f,0,t,g,260.0,0,0,1.03,30,1439
a,33.75,0.75,u,g,k,bb,1.0,t,t,3,t,g,212.0,0,0,13.7,52,421
b,20.67,1.25,y,p,c,h,1.375,t,t,3,t,g,140.0,210,0,13.16,87,1630
a,25.42,1.125,u,g,q,v,1.29,t,t,2,f,g,200.0,0,0,10.42,7,2855
b,37.75,7.0,u,g,q,h,11.5,t,t,7,t,g,300.0,5,0,2.85,50,2405
b,52.5,6.5,u,g,k,v,6.29,t,t,15,f,g,0.0,11202,1,9.66,22,2244
b,57.83,7.04,u,g,m,v,14.0,t,t,6,t,g,360.0,1332,1,15.2,84,1314
a,20.75,10.335,u,g,cc,h,0.335,t,t,1,t,g,80.0,50,1,0.96,18,589
b,39.92,6.21,u,g,q,v,0.04,t,t,1,f,g,200.0,300,1,12.06,3,259
b,25.67,12.5,u,g,cc,v,1.21,t,t,67,t,g,140.0,258,1,9.85,49,1030
a,24.75,12.5,u,g,aa,v,1.5,t,t,12,t,g,120.0,567,1,9.42,31,333
a,44.17,6.665,u,g,q,v,7.375,t,t,3,t,g,0.0,0,1,18.04,59,688
a,23.5,9.0,u,g,q,v,8.5,t,t,5,t,g,120.0,0,1,6.56,79,2289
b,34.92,5.0,u,g,x,h,7.5,t,t,6,t,g,0.0,1000,1,9.44,52,2165
b,47.67,2.5,u,g,m,bb,2.5,t,t,12,t,g,410.0,2510,1,16.67,45,2474
b,22.75,11.0,u,g,q,v,2.5,t,t,7,t,g,100.0,809,1,15.77,4,2694
b,34.42,4.25,u,g,i,bb,3.25,t,t,2,f,g,274.0,610,1,4.41,90,2118
a,28.42,3.5,u,g,w,v,0.835,t,f,0,f,s,280.0,0,1,10.23,59,1571
b,67.75,5.5,u,g,e,z,13.0,t,t,1,t,g,0.0,0,1,10.48,73,2219
b,20.42,1.835,u,g,c,v,2.25,t,t,1,f,g,100.0,150,1,16.8,12,1585
a,47.42,8.0,u,g,e,bb,6.5,t,t,6,f,g,375.0,51100,1,1.85,88,1623
b,36.25,5.0,u,g,c,bb,2.5,t,t,6,f,g,0.0,367,1,13.19,96,1915
b,32.67,5.5,u,g,q,h,5.5,t,t,12,t,g,408.0,1000,1,13.73,30,431
b,48.58,6.5,u,g,q,h,6.0,t,f,0,t,g,350.0,0,1,12.54,95,1607
b,39.92,0.54,y,p,aa,v,0.5,t,t,3,f,g,200.0,1000,1,1.54,68,876
b,33.58,2.75,u,g,m,v,4.25,t,t,6,f,g,204.0,0,1,2.94,86,841
a,18.83,9.5,u,g,w,v,1.625,t,t,6,t,g,40.0,600,1,3.27,75,988
a,26.92,13.5,u,g,q,h,5.0,t,t,2,f,g,0.0,5000,1,0.93,72,2696
a,31.25,3.75,u,g,cc,h,0.625,t,t,9,t,g,181.0,0,1,12.65,67,1540
a,56.5,16.0,u,g,j,ff,0.0,t,t,15,f,g,0.0,247,1,19.09,1,849
b,43.0,0.29,y,p,cc,h,1.75,t,t,8,f,g,100.0,375,1,13.44,72,233
b,22.33,11.0,u,g,w,v,2.0,t,t,1,f,g,80.0,278,1,6.29,3,2754
b,27.25,1.665,u,g,cc,h,5.085,t,t,9,f,g,399.0,827,1,16.25,52,2891
b,32.83,2.5,u,g,cc,h,2.75,t,t,6,f,g,160.0,2072,1,6.83,78,414
b,23.25,1.5,u,g,q,v,2.375,t,t,3,t,g,0.0,582,1,19.78,79,1799
a,40.33,7.54,y,p,q,h,8.0,t,t,14,f,g,0.0,2300,1,13.64,29,1258
a,30.5,6.5,u,g,c,bb,4.0,t,t,7,t,g,0.0,3065,1,10.42,92,1359
a,52.83,15.0,u,g,c,v,5.5,t,t,14,f,g,0.0,2200,1,17.42,81,1610
a,46.67,0.46,u,g,cc,h,0.415,t,t,11,t,g,440.0,6,1,19.99,59,236
a,58.33,10.0,u,g,q,v,4.0,t,t,14,f,g,0.0,1602,1,15.81,25,2939
b,37.33,6.5,u,g,m,h,4.25,t,t,12,t,g,93.0,0,1,11.28,35,1598
b,23.08,2.5,u,g,c,v,1.085,t,t,11,t,g,60.0,2184,1,3.3,26,2500
b,32.75,1.5,u,g,cc,h,5.5,t,t,3,t,g,0.0,0,1,19.82,8,2452
a,21.67,11.5,y,p,j,j,0.0,t,t,11,t,g,0.0,0,1,7.38,29,2087
a,28.5,3.04,y,p,x,h,2.54,t,t,1,f,g,70.0,0,1,19.42,67,2485
a,68.67,15.0,u,g,e,z,0.0,t,t,14,f,g,0.0,3376,1,8.84,7,2950
b,28.0,2.0,u,g,k,h,4.165,t,t,2,t,g,181.0,0,1,1.72,39,1938
b,34.08,0.08,y,p,m,bb,0.04,t,t,1,t,g,280.0,2000,1,2.94,93,2869
b,27.67,2.0,u,g,x,h,1.0,t,t,4,f,g,140.0,7544,1,12.03,61,1939
b,44.0,2.0,u,g,m,v,1.75,t,t,2,t,g,0.0,15,1,2.95,99,2704
b,25.08,1.71,u,g,x,v,1.665,t,t,1,t,g,395.0,20,1,19.59,39,1317
b,32.0,1.75,y,p,e,h,0.04,t,f,0,t,g,393.0,0,1,5.84,94,367
a,60.58,16.5,u,g,q,v,11.0,t,f,0,t,g,21.0,10561,1,5.39,48,2559
a,40.83,10.0,u,g,q,h,1.75,t,f,0,f,g,29.0,837,1,11.41,63,589
b,19.33,9.5,u,g,q,v,1.0,t,f,0,t,g,60.0,400,1,6.16,39,249
a,32.33,0.54,u,g,cc,v,0.04,t,f,0,f,g,440.0,11177,1,18.1,4,2412
b,36.67,3.25,u,g,q,h,9.0,t,f,0,t,g,102.0,639,1,10.37,76,853
b,37.5,1.125,y,p,d,v,1.5,f,f,0,t,g,431.0,0,1,9.3,56,223
a,25.08,2.54,y,p,aa,v,0.25,t,f,0,t,g,370.0,0,1,19.67,39,2104
b,41.33,0.0,u,g,c,bb,15.0,t,f,0,f,g,0.0,0,1,1.78,9,999
b,56.0,12.5,u,g,k,h,8.0,t,f,0,t,g,24.0,2028,1,15.87,89,279
a,49.83,13.585,u,g,k,h,8.5,t,f,0,t,g,0.0,0,1,17.13,34,449
b,22.67,10.5,u,g,q,h,1.335,t,f,0,f,g,100.0,0,1,16.14,76,603
b,27.0,1.5,y,p,w,v,0.375,t,f,0,t,g,260.0,1065,1,10.49,83,1926
b,25.0,12.5,u,g,aa,v,3.0,t,f,0,t,s,20.0,0,1,12.86,29,2850
a,26.08,8.665,u,g,aa,v,1.415,t,f,0,f,g,160.0,150,1,18.7,10,1359
a,18.42,9.25,u,g,q,v,1.21,t,t,4,f,g,60.0,540,1,14.3,62,2110
b,20.17,8.17,u,g,aa,v,1.96,t,t,14,f,g,60.0,158,1,9.35,60,459
b,47.67,0.29,u,g,c,bb,15.0,t,t,20,f,g,0.0,15000,1,7.63,74,2651
a,21.25,2.335,u,g,i,bb,0.5,t,t,4,f,s,80.0,0,1,1.6,53,320
a,20.67,3.0,u,g,q,v,0.165,t,t,3,f,g,100.0,6,1,2.81,56,2536
a,57.08,19.5,u,g,c,v,5.5,t,t,7,f,g,0.0,3000,1,5.39,13,2283
a,22.42,5.665,u,g,q,v,2.585,t,t,7,f,g,129.0,3257,1,4.94,15,476
b,48.75,8.5,u,g,c,h,12.5,t,t,9,f,g,181.0,1655,1,7.45,41,1188
b,40.0,6.5,u,g,aa,bb,3.5,t,t,1,f,g,0.0,500,1,9.92,51,328
b,40.58,5.0,u,g,c,v,5.0,t,t,7,f,g,0.0,3065,1,10.39,85,2699
a,28.67,1.04,u,g,c,v,2.5,t,t,5,t,g,300.0,1430,1,16.92,32,443
a,33.08,4.625,u,g,q,h,1.625,t,t,2,f,g,0.0,0,1,8.31,57,1709
b,21.33,10.5,u,g,c,v,3.0,t,f,0,t,g,0.0,0,1,18.3,44,2064
b,42.0,0.205,u,g,i,h,5.125,t,f,0,f,g,400.0,0,1,9.05,78,1936
b,41.75,0.96,u,g,x,v,2.5,t,f,0,f,g,510.0,600,1,13.14,73,2477
b,22.67,1.585,y,p,w,v,3.085,t,t,6,f,g,80.0,0,1,3.37,91,599
b,34.5,4.04,y,p,i,bb,8.5,t,t,7,t,g,195.0,0,1,12.73,71,280
b,28.25,5.04,y,p,c,bb,1.5,t,t,8,t,g,144.0,7,1,16.25,15,2505
b,33.17,3.165,y,p,x,v,3.165,t,t,3,t,g,380.0,0,1,16.73,17,1332
b,48.17,7.625,u,g,w,h,15.5,t,t,12,f,g,0.0,790,1,0.94,73,2516
b,27.58,2.04,y,p,aa,v,2.0,t,t,3,t,g,370.0,560,1,15.48,73,2717
b,22.58,10.04,u,g,x,v,0.04,t,t,9,f,g,60.0,396,1,18.55,66,2880
a,24.08,0.5,u,g,q,h,1.25,t,t,1,f,g,0.0,678,1,5.0,63,2682
a,41.33,1.0,u,g,i,bb,2.25,t,f,0,t,g,0.0,300,1,15.1,57,732
a,20.75,10.25,u,g,q,v,0.71,t,t,2,t,g,49.0,0,1,12.57,15,2156
b,36.33,2.125,y,p,w,v,0.085,t,t,1,f,g,50.0,1187,1,1.37,88,1341
a,35.42,12.0,u,g,q,h,14.0,t,t,8,f,g,0.0,6590,1,3.95,23,1197
b,28.67,9.335,u,g,q,h,5.665,t,t,6,f,g,381.0,168,1,14.66,73,2338
b,35.17,2.5,u,g,k,v,4.5,t,t,7,f,g,150.0,1270,1,14.19,54,354
b,39.5,4.25,u,g,c,bb,6.5,t,t,16,f,g,117.0,1210,1,0.8,41,1770
b,39.33,5.875,u,g,cc,h,10.0,t,t,14,t,g,399.0,0,1,15.56,13,873
b,24.33,6.625,y,p,d,v,5.5,t,f,0,t,s,100.0,0,1,12.8,85,617
b,60.08,14.5,u,g,ff,ff,18.0,t,t,15,t,g,0.0,1000,1,2.38,80,1562
b,23.08,11.5,u,g,i,v,3.5,t,t,9,f,g,56.0,742,1,14.49,18,1171
b,26.67,2.71,y,p,cc,v,5.25,t,t,1,f,g,211.0,0,1,10.19,43,1421
b,48.17,3.5,u,g,aa,v,3.5,t,f,0,f,s,230.0,0,1,15.3,16,1422
b,41.17,4.04,u,g,cc,h,7.0,t,t,8,f,g,320.0,0,1,12.74,20,1904
b,55.92,11.5,u,g,ff,ff,5.0,t,t,5,f,g,0.0,8851,1,8.68,56,730
b,53.92,9.625,u,g,e,v,8.665,t,t,5,f,g,0.0,0,1,7.37,80,440
a,18.92,9.25,y,p,c,v,1.0,t,t,4,t,g,80.0,500,1,16.52,65,582
a,50.08,12.54,u,g,aa,v,2.29,t,t,3,t,g,156.0,0,1,12.97,28,2706
b,65.42,11.0,u,g,e,z,20.0,t,t,7,t,g,22.0,0,1,14.78,33,2309
a,17.58,9.0,u,g,aa,v,1.375,t,f,0,t,g,0.0,0,1,1.03,27,447
a,18.83,9.54,u,g,aa,v,0.085,t,f,0,f,g,100.0,0,1,9.59,52,643
a,37.75,5.5,u,g,q,v,0.125,t,f,0,t,g,228.0,0,1,11.11,68,556
b,23.25,4.0,u,g,c,bb,0.25,t,f,0,t,g,160.0,0,1,6.76,87,748
b,18.08,5.5,u,g,k,v,0.5,t,f,0,f,g,80.0,0,1,5.88,29,586
a,22.5,8.46,y,p,x,v,2.46,f,f,0,f,g,164.0,0,1,6.43,27,1435
b,19.67,0.375,u,g,q,v,2.0,t,t,2,t,g,80.0,0,1,19.43,48,1851
b,22.08,11.0,u,g,cc,v,0.665,t,f,0,f,g,100.0,0,1,12.63,79,2552
b,25.17,3.5,u,g,cc,v,0.625,t,t,7,f,g,0.0,7059,1,19.18,28,957
a,47.42,3.0,u,g,x,v,13.875,t,t,2,t,g,519.0,1704,1,10.9,89,1465
b,33.5,1.75,u,g,x,h,4.5,t,t,4,t,g,253.0,857,1,13.38,13,1266
b,27.67,13.75,u,g,w,v,5.75,t,f,0,t,g,487.0,500,1,9.77,15,870
a,58.42,21.0,u,g,i,bb,10.0,t,t,13,f,g,0.0,6700,1,7.73,84,560
a,20.67,1.835,u,g,q,v,2.085,t,t,5,f,g,220.0,2503,1,16.48,57,539
b,26.17,0.25,u,g,i,bb,0.0,t,f,0,t,g,0.0,0,1,4.09,14,687
b,21.33,7.5,u,g,aa,v,1.415,t,t,1,f,g,80.0,9800,1,14.49,90,871
b,42.83,4.625,u,g,q,v,4.58,t,f,0,f,s,0.0,0,1,1.01,89,252
b,38.17,10.125,u,g,x,v,2.5,t,t,6,f,g,520.0,196,1,19.39,2,352
b,20.5,10.0,y,p,c,v,2.5,t,f,0,f,s,40.0,0,1,1.87,87,1501
b,48.25,25.085,u,g,w,v,1.75,t,t,3,f,g,120.0,14,1,19.64,65,1201
b,28.33,5.0,u,g,w,v,11.0,t,f,0,t,g,70.0,0,1,9.13,18,1818
b,18.5,2.0,u,g,i,v,1.5,t,t,2,f,g,120.0,300,1,19.0,79,673
b,33.17,3.04,y,p,c,h,2.04,t,t,1,t,g,180.0,18027,1,2.24,45,2312
b,45.0,8.5,u,g,cc,h,14.0,t,t,1,t,g,88.0,2000,1,2.61,13,1002
a,19.67,0.21,u,g,q,h,0.29,t,t,11,f,g,80.0,99,1,8.9,35,2835
b,21.83,11.0,u,g,x,v,0.29,t,t,6,f,g,121.0,0,1,15.96,40,2773
b,40.25,21.5,u,g,e,z,20.0,t,t,11,f,g,0.0,1200,1,13.22,2,1082
b,41.42,5.0,u,g,q,h,5.0,t,t,6,t,g,470.0,0,1,14.17,16,1743
a,17.83,11.0,u,g,x,h,1.0,t,t,11,f,g,0.0,3000,1,2.89,12,1198
b,23.17,11.125,u,g,x,h,0.46,t,t,1,f,g,100.0,0,1,12.42,59,693
b,18.17,10.25,u,g,c,h,1.085,f,f,0,f,g,320.0,13,0,2.33,0,2239
b,20.0,11.045,u,g,c,v,2.0,f,f,0,t,g,136.0,0,0,5.73,85,1287
b,20.0,0.0,u,g,d,v,0.5,f,f,0,f,g,144.0,0,0,12.92,55,2843
a,20.75,9.54,u,g,i,v,0.04,f,f,0,f,g,200.0,1000,0,15.29,6,535
a,24.5,1.75,y,p,c,v,0.165,f,f,0,f,g,132.0,0,0,2.72,7,904
b,32.75,2.335,u,g,d,h,5.75,f,f,0,t,g,292.0,0,0,9.28,48,2784
a,52.17,0.0,y,p,ff,ff,0.0,f,f,0,f,g,0.0,0,0,11.63,73,2206
a,48.17,1.335,u,g,i,o,0.335,f,f,0,f,g,0.0,120,0,4.2,29,494
a,20.42,10.5,y,p,x,h,0.0,f,f,0,t,g,154.0,32,0,10.99,57,1590
b,50.75,0.585,u,g,ff,ff,0.0,f,f,0,f,g,145.0,0,0,10.42,53,2107
b,17.08,0.085,y,p,c,v,0.04,f,f,0,f,g,140.0,722,0,17.94,82,775
b,18.33,1.21,y,p,e,dd,0.0,f,f,0,f,g,100.0,0,0,15.73,86,2286
a,32.0,6.0,u,g,d,v,1.25,f,f,0,f,g,272.0,0,0,1.19,16,2198
b,59.67,1.54,u,g,q,v,0.125,t,f,0,t,g,260.0,0,1,15.71,84,264
b,18.0,0.165,u,g,q,n,0.21,f,f,0,f,g,200.0,40,1,12.81,25,1293
b,32.33,2.5,u,g,c,v,1.25,f,f,0,t,g,280.0,0,0,14.08,37,1679
b,18.08,6.75,y,p,m,v,0.04,f,f,0,f,g,140.0,0,0,6.73,77,896
b,38.25,10.125,y,p,k,v,0.125,f,f,0,f,g,160.0,0,0,4.7,51,1311
b,30.67,2.5,u,g,cc,h,2.25,f,f,0,t,s,340.0,0,0,8.63,27,801
b,18.58,5.71,u,g,d,v,0.54,f,f,0,f,g,120.0,0,0,8.07,42,2110
a,19.17,5.415,u,g,i,h,0.29,f,f,0,f,g,80.0,484,0,13.91,24,251
a,18.17,10.0,y,p,q,h,0.165,f,f,0,f,g,340.0,0,0,2.42,92,2743
b,16.25,0.835,u,g,m,v,0.085,t,f,0,f,s,200.0,0,0,17.9,79,2320
b,21.17,0.875,y,p,c,h,0.25,f,f,0,f,g,280.0,204,0,2.52,67,2199
b,23.92,0.585,y,p,cc,h,0.125,f,f,0,f,g,240.0,1,0,13.36,34,590
b,17.67,4.46,u,g,c,v,0.25,f,f,0,f,s,80.0,0,0,12.3,17,2442
a,16.5,1.25,u,g,q,v,0.25,f,t,1,f,g,108.0,98,0,5.68,11,1284
b,23.25,12.625,u,g,c,v,0.125,f,t,2,f,g,0.0,5552,0,1.51,65,2099
b,17.58,10.0,u,g,w,h,0.165,f,t,1,f,g,120.0,1,0,15.5,28,1998
b,29.5,0.58,u,g,w,v,0.29,f,t,1,f,g,340.0,2803,0,8.85,94,1792
b,18.83,0.415,y,p,c,v,0.165,f,t,1,f,g,200.0,1,0,2.96,49,1421
a,21.75,1.75,y,p,j,j,0.0,f,f,0,f,g,160.0,0,0,15.27,35,2305
b,23.0,0.75,u,g,m,v,0.5,f,f,0,t,s,320.0,0,0,19.47,31,1786
a,18.25,10.0,u,g,w,v,1.0,f,t,1,f,g,120.0,1,0,3.63,83,1188
b,25.42,0.54,u,g,w,v,0.165,f,t,1,f,g,272.0,444,0,18.42,59,1171
b,35.75,2.415,u,g,w,v,0.125,f,t,2,f,g,220.0,1,0,16.6,15,1435
a,16.08,0.335,u,g,ff,ff,0.0,f,t,1,f,g,160.0,126,0,13.67,10,2656
a,31.92,3.125,u,g,ff,ff,3.04,f,t,2,t,g,200.0,4,0,9.25,85,725
b,69.17,9.0,u,g,ff,ff,4.0,f,t,1,f,g,70.0,6,0,16.27,26,1225
b,32.92,2.5,u,g,aa,v,1.75,f,t,2,t,g,720.0,0,0,4.06,75,2278
b,16.33,2.75,u,g,aa,v,0.665,f,t,1,f,g,80.0,21,0,6.73,73,1350
b,22.17,12.125,u,g,c,v,3.335,f,t,2,t,g,180.0,173,0,6.03,5,2057
a,57.58,2.0,u,g,ff,ff,6.5,f,t,1,f,g,0.0,10,0,14.01,74,360
b,18.25,0.165,u,g,d,v,0.25,f,f,0,t,s,280.0,0,0,11.56,23,1772
b,23.42,1.0,u,g,c,v,0.5,f,f,0,t,s,280.0,0,0,1.4,25,2759
a,15.92,2.875,u,g,q,v,0.085,f,f,0,f,g,120.0,0,0,3.67,69,1670
a,24.75,13.665,u,g,q,h,1.5,f,f,0,f,g,280.0,1,0,9.85,71,2193
b,48.75,26.335,y,p,ff,ff,0.0,t,f,0,t,g,0.0,0,0,1.45,34,1288
b,23.5,2.75,u,g,ff,ff,4.5,f,f,0,f,g,160.0,25,0,11.72,92,525
b,18.58,10.29,u,g,ff,ff,0.415,f,f,0,f,g,80.0,0,0,16.3,77,1375
b,27.75,1.29,u,g,k,h,0.25,f,f,0,t,s,140.0,0,0,11.91,63,1330
a,31.75,3.0,y,p,j,j,0.0,f,f,0,f,g,160.0,20,0,8.69,94,548
a,24.83,4.5,u,g,w,v,1.0,f,f,0,t,g,360.0,6,0,7.5,16,1288
b,19.0,1.75,y,p,c,v,2.335,f,f,0,t,g,112.0,6,0,17.61,39,1331
a,16.33,0.21,u,g,aa,v,0.125,f,f,0,f,g,200.0,1,0,3.57,15,1274
a,18.58,10.0,u,g,d,v,0.415,f,f,0,f,g,80.0,42,0,10.27,41,2759
b,16.25,0.0,y,p,aa,v,0.25,f,f,0,f,g,60.0,0,0,4.56,84,1187
b,23.0,0.75,u,g,m,v,0.5,t,f,0,t,s,320.0,0,0,18.8,69,1782
b,21.17,0.25,y,p,c,h,0.25,f,f,0,f,g,280.0,204,0,1.86,83,2426
b,17.5,22.0,l,gg,ff,o,0.0,f,f,0,t,p,450.0,100000,1,13.3,93,1918
b,19.17,0.0,y,p,m,bb,0.0,f,f,0,t,s,500.0,1,1,13.22,18,362
b,36.75,0.125,y,p,c,v,1.5,f,f,0,t,g,232.0,113,1,3.72,98,947
b,21.25,1.5,u,g,w,v,1.5,f,f,0,f,g,150.0,8,1,8.93,38,843
a,18.08,0.375,l,gg,cc,ff,10.0,f,f,0,t,s,300.0,0,1,1.65,59,1789
a,33.67,0.375,u,g,cc,v,0.375,f,f,0,f,g,300.0,44,1,19.31,77,2598
b,48.58,0.205,y,p,k,v,0.25,t,t,11,f,g,380.0,2732,1,3.57,39,271
b,33.67,1.25,u,g,w,v,1.165,f,f,0,f,g,120.0,0,0,11.52,71,308
a,29.5,1.085,y,p,x,v,1.0,f,f,0,f,g,280.0,13,0,6.22,88,1818
b,30.17,1.085,y,p,c,v,0.04,f,f,0,f,g,170.0,179,0,6.59,99,2151
b,34.83,2.5,y,p,w,v,3.0,f,f,0,f,s,200.0,0,0,1.57,91,1823
a,33.25,2.5,y,p,c,v,2.5,f,f,0,t,g,0.0,2,0,6.55,23,2693
b,34.08,2.5,u,g,c,v,1.0,f,f,0,f,g,460.0,16,0,14.79,33,1943
a,25.25,12.5,u,g,d,v,1.0,f,f,0,t,g,180.0,1062,0,18.63,54,1195
b,34.75,2.5,u,g,cc,bb,0.5,f,f,0,f,g,348.0,0,0,11.48,48,2189
b,27.67,0.75,u,g,q,h,0.165,f,f,0,t,g,220.0,251,0,17.81,17,1777
b,47.33,6.5,u,g,c,v,1.0,f,f,0,t,g,0.0,228,0,12.94,32,2602
a,34.83,1.25,y,p,i,h,0.5,f,f,0,t,g,160.0,0,0,17.32,35,1355
a,33.25,3.0,y,p,aa,v,2.0,f,f,0,f,g,180.0,0,0,6.98,46,2274
b,28.0,3.0,u,g,w,v,0.75,f,f,0,t,g,300.0,67,0,6.02,3,1120
a,39.08,4.0,u,g,c,v,3.0,f,f,0,f,g,480.0,0,0,4.44,88,1711
b,42.75,4.085,u,g,aa,v,0.04,f,f,0,f,g,108.0,100,0,13.44,73,407
b,26.92,2.25,u,g,i,bb,0.5,f,f,0,t,g,640.0,4000,0,9.67,11,1159
b,33.75,2.75,u,g,i,bb,0.0,f,f,0,f,g,180.0,0,0,10.7,26,942
b,38.92,1.75,u,g,k,v,0.5,f,f,0,t,g,300.0,2,0,2.85,31,244
b,62.75,7.0,u,g,e,z,0.0,f,f,0,f,g,0.0,12,0,6.32,12,857
b,26.75,4.5,y,p,c,bb,2.5,f,f,0,f,g,200.0,1210,0,9.11,8,2158
b,63.33,0.54,u,g,c,v,0.585,t,t,3,t,g,180.0,0,0,18.6,94,608
b,27.83,1.5,u,g,w,v,2.25,f,t,1,t,g,100.0,3,0,19.08,66,2710
a,26.17,2.0,u,g,j,j,0.0,f,f,0,t,g,276.0,1,0,1.29,4,1400
b,22.17,0.585,y,p,ff,ff,0.0,f,f,0,f,g,100.0,0,0,16.79,69,1145
b,22.5,11.5,y,p,m,v,1.5,f,f,0,t,g,0.0,4000,0,0.98,64,2368
b,30.75,1.585,u,g,d,v,0.585,f,f,0,t,s,0.0,0,0,3.3,22,1785
b,36.67,2.0,u,g,i,v,0.25,f,f,0,t,g,221.0,0,0,16.53,93,2609
a,16.0,0.165,u,g,aa,v,1.0,f,t,2,t,g,320.0,1,0,10.71,85,2395
b,41.17,1.335,u,g,d,v,0.165,f,f,0,f,g,168.0,0,0,13.88,66,1225
a,19.5,0.165,u,g,q,v,0.04,f,f,0,t,g,380.0,0,0,7.13,32,568
b,32.42,3.0,u,g,d,v,0.165,f,f,0,t,g,120.0,0,0,12.4,39,2636
a,36.75,4.71,u,g,ff,ff,0.0,f,f,0,f,g,160.0,0,0,0.85,21,2791
a,30.25,5.5,u,g,k,v,5.5,f,f,0,t,s,100.0,0,0,8.7,27,1142
b,23.08,2.5,u,g,ff,ff,0.085,f,f,0,t,g,100.0,4208,0,14.7,67,2054
b,26.83,0.54,u,g,k,ff,0.0,f,f,0,f,g,100.0,0,0,8.79,87,1275
b,16.92,0.335,y,p,k,v,0.29,f,f,0,f,s,200.0,0,0,1.83,18,2861
b,24.42,2.0,u,g,e,dd,0.165,f,t,2,f,g,320.0,1300,0,4.74,25,2737
b,42.83,1.25,u,g,m,v,13.875,f,t,1,t,g,352.0,112,0,17.37,90,992
a,22.75,6.165,u,g,aa,v,0.165,f,f,0,f,g,220.0,1000,0,15.34,1,1520
b,39.42,1.71,y,p,m,v,0.165,f,f,0,f,s,400.0,0,0,9.29,12,2083
a,23.58,11.5,y,p,k,h,3.0,f,f,0,t,g,20.0,16,0,16.33,27,1867
b,21.42,0.75,y,p,r,n,0.75,f,f,0,t,g,132.0,2,0,8.5,48,1221
b,33.0,2.5,y,p,w,v,7.0,f,f,0,t,g,280.0,0,0,7.71,72,1988
b,26.33,13.0,u,g,e,dd,0.0,f,f,0,t,g,140.0,1110,0,5.38,70,1706
a,45.0,4.585,u,g,k,h,1.0,f,f,0,t,s,240.0,0,0,12.58,80,2473
b,26.25,1.54,u,g,w,v,0.125,f,f,0,f,g,100.0,0,0,4.12,43,656
a,20.83,0.5,y,p,e,dd,1.0,f,f,0,f,g,260.0,0,0,3.14,43,2404
b,28.67,14.5,u,g,d,v,0.125,f,f,0,f,g,0.0,286,0,18.0,75,369
b,20.67,0.835,y,p,c,v,2.0,f,f,0,t,s,240.0,0,0,4.66,69,2729
b,34.42,1.335,u,g,i,bb,0.125,f,f,0,t,g,440.0,4500,0,11.5,28,1406
b,33.58,0.25,u,g,i,bb,4.0,f,f,0,t,s,420.0,0,0,6.65,84,2788
b,43.17,5.0,u,g,i,bb,2.25,f,f,0,t,g,141.0,0,0,11.54,8,2796
a,22.67,7.0,u,g,c,v,0.165,f,f,0,f,g,160.0,0,0,1.84,7,331
a,24.33,2.5,y,p,i,bb,4.5,f,f,0,f,g,200.0,456,0,4.01,37,518
a,56.83,4.25,y,p,ff,ff,5.0,f,f,0,t,g,0.0,4,0,2.77,10,1535
b,22.08,11.46,u,g,k,v,1.585,f,f,0,t,g,100.0,1212,0,16.93,29,777
b,34.0,5.5,y,p,c,v,1.5,f,f,0,t,g,60.0,0,0,10.04,58,2489
b,22.58,1.5,y,p,aa,v,0.54,f,f,0,t,g,120.0,67,0,19.3,80,2166
b,21.17,0.0,u,g,c,v,0.5,f,f,0,t,s,0.0,0,0,8.83,68,2345
b,26.67,14.585,u,g,i,bb,0.0,f,f,0,t,g,178.0,0,0,10.36,22,368
b,22.92,0.17,u,g,m,v,0.085,f,f,0,f,s,0.0,0,0,7.57,49,1443
b,15.17,7.0,u,g,e,v,1.0,f,f,0,f,g,600.0,0,0,8.1,86,2903
b,39.92,5.0,u,g,i,bb,0.21,f,f,0,f,g,550.0,0,0,2.56,17,2677
b,27.42,12.5,u,g,aa,bb,0.25,f,f,0,t,g,720.0,0,0,10.15,8,902
b,24.75,0.54,u,g,m,v,1.0,f,f,0,t,g,120.0,1,0,8.19,85,1966
b,41.17,1.25,y,p,w,v,0.25,f,f,0,f,g,0.0,195,0,7.8,68,864
a,33.08,1.625,u,g,d,v,0.54,f,f,0,t,g,0.0,0,0,13.09,71,1514
b,29.83,2.04,y,p,x,h,0.04,f,f,0,f,g,128.0,1,0,11.21,97,1202
a,23.58,0.585,y,p,ff,ff,0.125,f,f,0,f,g,120.0,87,0,7.52,23,1498
b,26.17,12.5,y,p,k,h,1.25,f,f,0,t,g,0.0,17,0,17.58,20,2816
b,31.0,2.085,u,g,c,v,0.085,f,f,0,f,g,300.0,0,0,8.39,6,1557
b,20.75,5.085,y,p,j,v,0.29,f,f,0,f,g,140.0,184,0,1.69,87,1314
b,28.92,0.375,u,g,c,v,0.29,f,f,0,f,g,220.0,140,0,18.88,90,2748
a,51.92,6.5,u,g,i,bb,3.085,f,f,0,t,g,73.0,0,0,4.46,94,2216
a,22.67,0.335,u,g,q,v,0.75,f,f,0,f,s,160.0,0,0,3.74,68,2142
b,34.0,5.085,y,p,i,bb,1.085,f,f,0,t,g,480.0,0,0,7.27,75,2483
a,69.5,6.0,u,g,ff,ff,0.0,f,f,0,f,s,0.0,0,0,4.65,18,2844
a,19.58,0.665,y,p,c,v,1.0,f,t,1,f,g,2000.0,2,0,19.63,90,2837
b,16.0,3.125,u,g,w,v,0.085,f,t,1,f,g,0.0,6,0,19.77,41,1752
b,17.08,0.25,u,g,q,v,0.335,f,t,4,f,g,160.0,8,0,9.61,94,1797
b,31.25,2.835,u,g,ff,ff,0.0,f,t,5,f,g,176.0,146,0,12.05,7,1805
b,25.17,3.0,u,g,c,v,1.25,f,t,1,f,g,0.0,22,0,10.18,82,2384
a,22.67,0.79,u,g,i,v,0.085,f,f,0,f,g,144.0,0,0,8.77,57,1817
b,40.58,1.5,u,g,i,bb,0.0,f,f,0,f,s,300.0,0,0,2.32,79,2074
b,22.25,0.46,u,g,k,v,0.125,f,f,0,t,g,280.0,55,0,1.61,30,812
a,22.25,1.25,y,p,ff,ff,3.25,f,f,0,f,g,280.0,0,0,18.64,75,577
b,22.5,0.125,y,p,k,v,0.125,f,f,0,f,g,200.0,70,0,5.76,4,1310
b,23.58,1.79,u,g,c,v,0.54,f,f,0,t,g,136.0,1,0,19.08,81,1263
b,38.42,0.705,u,g,c,v,0.375,f,t,2,f,g,225.0,500,0,4.19,28,1087
a,26.58,2.54,y,p,ff,ff,0.0,f,f,0,t,g,180.0,60,0,8.18,55,2809
b,35.0,2.5,u,g,i,v,1.0,f,f,0,t,g,210.0,0,0,9.94,56,2513
b,20.42,1.085,u,g,q,v,1.5,f,f,0,f,g,108.0,7,0,15.09,28,1167
b,29.42,1.25,u,g,w,v,1.75,f,f,0,f,g,200.0,0,0,14.21,6,469
b,26.17,0.835,u,g,cc,v,1.165,f,f,0,f,g,100.0,0,0,6.6,92,1837
b,33.67,2.165,u,g,c,v,1.5,f,f,0,f,p,120.0,0,0,13.81,27,1864
b,24.58,1.25,u,g,c,v,0.25,f,f,0,f,g,110.0,0,0,12.07,74,2513
a,27.67,2.04,u,g,w,v,0.25,f,f,0,t,g,180.0,50,0,6.76,12,442
b,37.5,0.835,u,g,e,v,0.04,f,f,0,f,g,120.0,5,0,18.46,60,1231
b,49.17,2.29,u,g,ff,ff,0.29,f,f,0,f,g,200.0,3,0,17.27,14,1215
b,33.58,0.335,y,p,cc,v,0.085,f,f,0,f,g,180.0,0,0,15.52,20,552
b,51.83,3.0,y,p,ff,ff,1.5,f,f,0,f,g,180.0,4,0,3.16,87,1695
b,22.92,3.165,y,p,c,v,0.165,f,f,0,f,g,160.0,1058,0,15.39,39,1498
b,21.83,1.54,u,g,k,v,0.085,f,f,0,t,g,356.0,0,0,5.63,54,444
b,25.25,1.0,u,g,aa,v,0.5,f,f,0,f,g,200.0,0,0,1.84,69,2627
b,58.58,2.71,u,g,c,v,2.415,f,f,0,t,g,320.0,0,0,18.26,82,839
b,19.0,0.0,y,p,ff,ff,0.0,f,t,4,f,g,45.0,1,0,8.57,14,2401
b,19.58,0.585,u,g,ff,ff,0.0,f,t,3,f,g,350.0,769,0,10.75,65,1656
a,53.33,0.165,u,g,ff,ff,0.0,f,f,0,t,s,62.0,27,0,10.02,5,1978
a,27.17,1.25,u,g,ff,ff,0.0,f,t,1,f,g,92.0,300,0,16.01,26,1773
b,25.92,0.875,u,g,k,v,0.375,f,t,2,t,g,174.0,3,0,0.63,96,1306
b,23.08,0.0,u,g,k,v,1.0,f,t,11,f,s,0.0,0,0,9.8,17,1688
b,39.58,5.0,u,g,ff,ff,0.0,f,t,2,f,g,17.0,1,0,5.0,34,964
b,30.58,2.71,y,p,m,v,0.125,f,f,0,t,s,80.0,0,0,1.37,5,1601
b,17.25,3.0,u,g,k,v,0.04,f,f,0,t,g,160.0,40,0,18.33,48,766
a,17.67,0.0,y,p,j,ff,0.0,f,f,0,f,g,86.0,0,0,17.21,30,357
b,16.5,0.125,u,g,c,v,0.165,f,f,0,f,g,132.0,0,0,8.43,79,965
a,27.33,1.665,u,g,ff,ff,0.0,f,f,0,f,g,340.0,1,0,10.71,20,530
b,31.25,1.125,u,g,ff,ff,0.0,f,t,1,f,g,96.0,19,0,16.5,14,1508
b,20.0,7.0,u,g,c,v,0.5,f,f,0,f,g,0.0,0,0,15.27,85,1619
b,39.5,1.625,u,g,c,v,1.5,f,f,0,f,g,0.0,316,0,9.15,93,929
b,36.5,4.25,u,g,q,v,3.5,f,f,0,f,g,454.0,50,0,8.94,74,1632
b,52.42,1.5,u,g,d,v,3.75,f,f,0,t,g,0.0,350,0,3.22,7,210
b,36.17,18.125,u,g,w,v,0.085,f,f,0,f,g,320.0,3552,0,8.22,87,663
b,29.67,0.75,y,p,c,v,0.04,f,f,0,f,g,240.0,0,0,8.73,20,2549
b,36.17,5.5,u,g,i,bb,5.0,f,f,0,f,g,210.0,687,0,13.45,52,2043
b,25.67,0.29,y,p,c,v,1.5,f,f,0,t,g,160.0,0,0,12.91,91,2702
a,24.5,2.415,y,p,c,v,0.0,f,f,0,f,g,120.0,0,0,15.24,23,634
b,24.08,0.875,u,g,m,v,0.085,f,t,4,f,g,254.0,1950,0,19.99,39,806
b,21.92,0.5,u,g,c,v,0.125,f,f,0,f,g,360.0,0,0,14.92,79,1513
a,36.58,0.29,u,g,ff,ff,0.0,f,t,10,f,g,200.0,18,0,2.93,85,2803
a,23.0,1.835,u,g,j,j,0.0,f,t,1,f,g,200.0,53,0,1.02,63,2934
a,27.58,3.0,u,g,m,v,2.79,f,t,1,t,g,280.0,10,0,11.75,5,1312
b,31.08,3.085,u,g,c,v,2.5,f,t,2,t,g,160.0,41,0,14.83,53,1899
a,30.42,1.375,u,g,w,h,0.04,f,t,3,f,g,0.0,33,0,19.45,96,1953
b,22.08,2.335,u,g,k,v,0.75,f,f,0,f,g,180.0,0,0,5.08,30,1780
b,16.33,4.085,u,g,i,h,0.415,f,f,0,t,g,120.0,0,0,13.07,78,2305
a,21.92,11.665,u,g,k,h,0.085,f,f,0,f,g,320.0,5,0,3.68,59,2238
b,21.08,4.125,y,p,i,h,0.04,f,f,0,f,g,140.0,100,0,14.2,35,2933
b,17.42,6.5,u,g,i,v,0.125,f,f,0,f,g,60.0,100,0,2.34,92,760
b,19.17,4.0,y,p,i,v,1.0,f,f,0,t,g,360.0,1000,0,8.85,61,1488
b,20.67,0.415,u,g,c,v,0.125,f,f,0,f,g,0.0,44,0,6.31,28,350
b,26.75,2.0,u,g,d,v,0.75,f,f,0,t,g,80.0,0,0,16.34,90,1507
b,23.58,0.835,u,g,i,h,0.085,f,f,0,t,g,220.0,5,0,0.88,34,1619
b,39.17,2.5,y,p,i,h,10.0,f,f,0,t,s,200.0,0,0,14.26,69,1957
b,22.75,11.5,u,g,i,v,0.415,f,f,0,f,g,0.0,0,0,13.69,89,2481
a,16.92,0.5,u,g,i,v,0.165,f,t,6,t,g,240.0,35,0,19.61,54,783
b,23.5,3.165,y,p,k,v,0.415,f,t,1,t,g,280.0,80,0,19.49,6,2572
a,17.33,9.5,u,g,aa,v,1.75,f,t,10,t,g,0.0,10,0,3.02,93,2431
b,23.75,0.415,y,p,c,v,0.04,f,t,2,f,g,128.0,6,0,8.45,79,2031
b,34.67,1.08,u,g,m,v,1.165,f,f,0,f,s,28.0,0,0,9.03,47,1985
b,74.83,19.0,y,p,ff,ff,0.04,f,t,2,f,g,0.0,351,0,4.15,88,657
b,28.17,0.125,y,p,k,v,0.085,f,f,0,f,g,216.0,2100,0,16.23,62,253
b,24.5,13.335,y,p,aa,v,0.04,f,f,0,t,g,120.0,475,0,9.04,35,1027
b,18.83,3.54,y,p,ff,ff,0.0,f,f,0,t,g,180.0,1,0,10.67,52,1733
a,47.25,0.75,u,g,q,h,2.75,t,t,1,f,g,333.0,892,1,17.57,59,2778
b,24.17,0.875,u,g,q,v,4.625,t,t,2,t,g,520.0,2000,1,4.54,83,1580
b,39.25,9.5,u,g,m,v,6.5,t,t,14,f,g,240.0,4607,1,6.74,30,1429
a,20.5,11.835,u,g,c,h,6.0,t,f,0,f,g,340.0,0,1,2.9,87,697
a,18.83,4.415,y,p,c,h,3.0,t,f,0,f,g,240.0,0,1,19.89,86,402
b,19.17,9.5,u,g,w,v,1.5,t,f,0,f,g,120.0,2206,1,13.71,90,1689
a,25.0,0.875,u,g,x,h,1.04,t,f,0,t,g,160.0,5860,1,5.9,91,2556
b,20.17,9.25,u,g,c,v,1.665,t,t,3,t,g,40.0,28,1,13.56,67,2464
b,25.75,0.5,u,g,c,v,1.46,t,t,5,t,g,312.0,0,1,13.29,1,1291
b,20.42,7.0,u,g,c,v,1.625,t,t,3,f,g,200.0,1391,1,8.62,83,1949
b,39.0,5.0,u,g,cc,v,3.5,t,t,10,t,g,0.0,0,1,11.81,64,216
a,64.08,0.165,u,g,ff,ff,0.0,t,t,1,f,g,232.0,100,1,6.81,39,1780
b,28.25,5.125,u,g,x,v,4.75,t,t,2,f,g,420.0,7,1,5.52,89,1275
a,28.75,3.75,u,g,c,v,1.085,t,t,1,t,g,371.0,0,1,10.38,86,2787
b,31.33,19.5,u,g,c,v,7.0,t,t,16,f,g,0.0,5000,1,12.07,38,2214
a,18.92,9.0,u,g,aa,v,0.75,t,t,2,f,g,88.0,591,1,11.9,35,2111
a,24.75,3.0,u,g,q,h,1.835,t,t,19,f,g,0.0,500,1,1.62,88,2795
a,30.67,12.0,u,g,c,v,2.0,t,t,1,f,g,220.0,19,1,1.81,47,404
b,21.0,4.79,y,p,w,v,2.25,t,t,1,t,g,80.0,300,1,5.5,68,2863
b,13.75,4.0,y,p,w,v,1.75,t,t,2,t,g,120.0,1000,1,12.72,3,867
a,46.0,4.0,u,g,j,j,0.0,t,f,0,f,g,100.0,960,1,11.21,1,2585
a,44.33,0.0,u,g,c,v,2.5,t,f,0,f,g,0.0,0,1,9.92,74,1963
b,20.25,9.96,u,g,e,dd,0.0,t,f,0,f,g,0.0,0,1,16.84,63,2504
b,22.67,2.54,y,p,c,h,2.585,t,f,0,f,g,0.0,0,1,13.82,2,909
a,60.92,5.0,u,g,aa,v,4.0,t,t,4,f,g,0.0,99,1,6.49,10,1091
b,16.08,0.75,u,g,c,v,1.75,t,t,5,t,g,352.0,690,1,4.69,10,1119
a,28.17,0.375,u,g,q,v,0.585,t,t,4,f,g,80.0,0,1,7.27,10,932
b,39.17,1.71,u,g,x,v,0.125,t,t,5,t,g,480.0,0,1,18.99,45,1489
a,30.0,5.29,u,g,e,dd,2.25,t,t,5,t,g,99.0,500,1,0.85,94,2875
b,22.83,3.0,u,g,m,v,1.29,t,t,1,f,g,260.0,800,1,5.65,70,901
a,22.5,8.5,u,g,q,v,1.75,t,t,10,f,g,80.0,990,0,15.74,68,1616
a,28.58,1.665,u,g,q,v,2.415,t,f,0,t,g,440.0,0,0,18.77,53,2905
b,45.17,1.5,u,g,c,v,2.5,t,f,0,t,g,140.0,0,0,7.38,11,1586
b,41.58,1.75,u,g,k,v,0.21,t,f,0,f,g,160.0,0,0,7.22,12,2557
a,57.08,0.335,u,g,i,bb,1.0,t,f,0,t,g,252.0,2197,0,7.83,86,2089
a,55.75,7.08,u,g,k,h,6.75,t,t,3,t,g,100.0,50,0,11.4,32,524
b,43.25,25.21,u,g,q,h,0.21,t,t,1,f,g,760.0,90,0,16.28,76,2543
a,25.33,2.085,u,g,c,h,2.75,t,f,0,t,g,360.0,1,0,5.18,5,2707
a,24.58,0.67,u,g,aa,h,1.75,t,f,0,f,g,400.0,0,0,4.85,71,2097
b,43.17,2.25,u,g,i,bb,0.75,t,f,0,f,g,560.0,0,0,14.18,92,1508
b,40.92,0.835,u,g,ff,ff,0.0,t,f,0,f,g,130.0,1,0,6.35,36,1910
b,31.83,2.5,u,g,aa,v,7.5,t,f,0,t,g,523.0,0,0,18.23,65,1201
a,33.92,1.585,y,p,ff,ff,0.0,t,f,0,f,g,320.0,0,0,8.11,57,1034
a,24.92,1.25,u,g,ff,ff,0.0,t,f,0,f,g,80.0,0,0,11.29,83,270
b,35.25,3.165,u,g,x,h,3.75,t,f,0,t,g,680.0,0,0,14.52,59,1479
b,34.25,1.75,u,g,w,bb,0.25,t,f,0,t,g,163.0,0,0,16.71,37,1649
b,19.42,1.5,y,p,cc,v,2.0,t,f,0,t,g,100.0,20,0,4.75,35,1067
b,42.75,3.0,u,g,i,bb,1.0,t,f,0,f,g,0.0,200,0,8.32,32,1805
b,19.67,10.0,y,p,k,h,0.835,t,f,0,t,g,140.0,0,0,6.07,84,1119
b,36.33,3.79,u,g,w,v,1.165,t,f,0,t,g,200.0,0,0,10.85,20,2994
b,30.08,1.04,y,p,i,bb,0.5,t,t,10,t,g,132.0,28,0,4.39,83,1150
b,44.25,11.0,y,p,d,v,1.5,t,f,0,f,s,0.0,0,0,12.08,88,662
b,23.58,0.46,y,p,w,v,2.625,t,t,6,t,g,208.0,347,0,6.51,96,1614
b,23.92,1.5,u,g,d,h,1.875,t,t,6,f,g,200.0,327,1,6.09,46,1617
b,33.17,1.0,u,g,x,v,0.75,t,t,7,t,g,340.0,4071,1,1.71,2,1056
b,48.33,12.0,u,g,m,v,16.0,t,f,0,f,s,110.0,0,1,17.33,91,1628
b,76.75,22.29,u,g,e,z,12.75,t,t,1,t,g,0.0,109,1,15.97,60,1101
b,51.33,10.0,u,g,i,bb,0.0,t,t,11,f,g,0.0,1249,1,6.62,41,1925
b,34.75,15.0,u,g,r,n,5.375,t,t,9,t,g,0.0,134,1,12.9,79,2162
b,38.58,3.335,u,g,w,v,4.0,t,t,14,f,g,383.0,1344,1,16.14,87,2449
a,22.42,11.25,y,p,x,h,0.75,t,t,4,f,g,0.0,321,1,10.26,22,2983
b,41.92,0.42,u,g,c,h,0.21,t,t,6,f,g,220.0,948,1,6.17,87,513
b,29.58,4.5,u,g,w,v,7.5,t,t,2,t,g,330.0,0,1,0.77,53,470
a,32.17,1.46,u,g,w,v,1.085,t,t,16,f,g,120.0,2079,1,5.13,40,680
b,51.42,0.04,u,g,x,h,0.04,t,f,0,f,g,0.0,3000,1,12.13,29,237
a,22.83,2.29,u,g,q,h,2.29,t,t,7,t,g,140.0,2384,1,17.51,61,1032
a,25.0,12.33,u,g,cc,h,3.5,t,t,6,f,g,400.0,458,1,16.8,86,1258
b,26.75,1.125,u,g,x,h,1.25,t,f,0,f,g,0.0,5298,1,6.69,14,255
b,23.33,1.5,u,g,c,h,1.415,t,f,0,f,g,422.0,200,1,12.92,76,2135
b,24.42,12.335,u,g,q,h,1.585,t,f,0,t,g,120.0,0,1,17.98,23,891
b,42.17,5.04,u,g,q,h,12.75,t,f,0,t,g,92.0,0,1,13.3,82,1130
a,20.83,3.0,u,g,aa,v,0.04,t,f,0,f,g,100.0,0,1,9.29,66,2465
b,23.08,11.5,u,g,w,h,2.125,t,t,11,t,g,290.0,284,1,9.84,20,1413
a,25.17,2.875,u,g,x,h,0.875,t,f,0,f,g,360.0,0,1,13.8,61,653
b,43.08,0.375,y,p,c,v,0.375,t,t,8,t,g,300.0,162,1,6.26,22,1093
a,35.75,0.915,u,g,aa,v,0.75,t,t,4,f,g,0.0,1583,1,11.7,94,1035
b,59.5,2.75,u,g,w,v,1.75,t,t,5,t,g,60.0,58,1,4.03,3,631
b,21.0,3.0,y,p,d,v,1.085,t,t,8,t,g,160.0,1,1,5.32,6,1095
b,21.92,0.54,y,p,x,v,0.04,t,t,1,t,g,840.0,59,1,10.3,42,1574
a,65.17,14.0,u,g,ff,ff,0.0,t,t,11,t,g,0.0,1400,1,4.22,89,2599
a,20.33,10.0,u,g,c,h,1.0,t,t,4,f,g,50.0,1465,1,13.53,37,1318
b,32.25,0.165,y,p,c,h,3.25,t,t,1,t,g,432.0,8000,1,13.12,69,947
b,30.17,0.5,u,g,c,v,1.75,t,t,11,f,g,32.0,540,1,6.3,78,685
b,25.17,6.0,u,g,c,v,1.0,t,t,3,f,g,0.0,0,1,10.58,17,1682
b,39.17,1.625,u,g,c,v,1.5,t,t,10,f,g,186.0,4700,1,13.69,14,1193
b,39.08,6.0,u,g,m,v,1.29,t,t,5,t,g,108.0,1097,1,11.27,32,1758
b,31.67,0.83,u,g,x,v,1.335,t,t,8,t,g,303.0,3290,1,11.85,5,764
b,41.0,0.04,u,g,e,v,0.04,f,t,1,f,s,560.0,0,1,18.74,52,1216
b,48.5,4.25,u,g,m,v,0.125,t,f,0,t,g,225.0,0,1,7.28,66,1097
b,32.67,9.0,y,p,w,h,5.25,t,f,0,t,g,154.0,0,1,2.21,75,2357
a,28.08,15.0,y,p,e,z,0.0,t,f,0,f,g,0.0,13212,1,9.86,85,282
b,73.42,17.75,u,g,ff,ff,0.0,t,f,0,t,g,0.0,0,1,12.23,95,1398
b,64.08,20.0,u,g,x,h,17.5,t,t,9,t,g,0.0,1000,1,17.58,95,981
b,51.58,15.0,u,g,c,v,8.5,t,t,9,f,g,0.0,0,1,0.59,82,1926
b,26.67,1.75,y,p,c,v,1.0,t,t,5,t,g,160.0,5777,1,7.44,84,1300
b,25.33,0.58,u,g,c,v,0.29,t,t,7,t,g,96.0,5124,1,10.45,98,1786
b,30.17,6.5,u,g,cc,v,3.125,t,t,8,f,g,330.0,1200,1,8.73,89,1035
b,27.0,0.75,u,g,c,h,4.25,t,t,3,t,g,312.0,150,1,10.72,88,1071
b,34.17,5.25,u,g,w,v,0.085,f,f,0,t,g,290.0,6,1,13.88,97,2366
b,38.67,0.21,u,g,k,v,0.085,t,f,0,t,g,280.0,0,1,3.64,84,2822
b,25.75,0.75,u,g,c,bb,0.25,t,f,0,f,g,349.0,23,1,7.68,83,407
a,46.08,3.0,u,g,c,v,2.375,t,t,8,t,g,396.0,4159,1,16.73,72,483
a,21.5,6.0,u,g,aa,v,2.5,t,t,3,f,g,80.0,918,1,17.56,67,2897
b,20.5,2.415,u,g,c,v,2.0,t,t,11,t,g,200.0,3000,1,10.01,66,820
a,29.5,0.46,u,g,k,v,0.54,t,t,4,f,g,380.0,500,1,5.24,10,1742
b,29.83,1.25,y,p,k,v,0.25,f,f,0,f,g,224.0,0,0,6.7,83,1874
b,20.08,0.25,u,g,q,v,0.125,f,f,0,f,g,200.0,0,0,18.66,57,2105
b,23.42,0.585,u,g,c,h,0.085,t,f,0,f,g,180.0,0,0,1.13,22,2622
a,29.58,1.75,y,p,k,v,1.25,f,f,0,t,g,280.0,0,0,4.02,21,1846
b,16.17,0.04,u,g,c,v,0.04,f,f,0,f,g,0.0,0,1,13.3,89,579
b,32.33,3.5,u,g,k,v,0.5,f,f,0,t,g,232.0,0,0,4.67,57,411
b,47.83,4.165,u,g,x,bb,0.085,f,f,0,t,g,520.0,0,0,1.96,16,2960
b,20.0,1.25,y,p,k,v,0.125,f,f,0,f,g,140.0,4,0,19.55,23,1285
b,27.58,3.25,y,p,q,h,5.085,f,t,2,t,g,369.0,1,0,7.49,8,577
b,22.0,0.79,u,g,w,v,0.29,f,t,1,f,g,420.0,283,0,14.01,86,858
b,19.33,10.915,u,g,c,bb,0.585,f,t,2,t,g,200.0,7,0,4.76,69,1315
a,38.33,4.415,u,g,c,v,0.125,f,f,0,f,g,160.0,0,0,18.44,72,448
b,29.42,1.25,u,g,c,h,0.25,f,t,2,t,g,400.0,108,0,6.64,38,2753
b,22.67,0.75,u,g,i,v,1.585,f,t,1,t,g,400.0,9,0,11.55,27,2651
b,32.25,14.0,y,p,ff,ff,0.0,f,t,2,f,g,160.0,1,0,12.42,75,1367
b,29.58,4.75,u,g,m,v,2.0,f,t,1,t,g,460.0,68,0,16.63,70,1724
b,18.42,10.415,y,p,aa,v,0.125,t,f,0,f,g,120.0,375,0,9.43,26,546
b,22.17,2.25,u,g,i,v,0.125,f,f,0,f,g,160.0,10,0,8.84,78,984
b,22.67,0.165,u,g,c,j,2.25,f,f,0,t,s,0.0,0,1,11.37,40,2287
b,18.83,0.0,u,g,q,v,0.665,f,f,0,f,g,160.0,1,0,18.41,79,1392
b,21.58,0.79,y,p,cc,v,0.665,f,f,0,f,g,160.0,0,0,19.44,45,628
b,23.75,12.0,u,g,c,v,2.085,f,f,0,f,s,80.0,0,0,15.25,80,978
b,36.08,2.54,u,g,ff,ff,0.0,f,f,0,f,g,0.0,1000,0,12.97,24,1118
b,29.25,13.0,u,g,d,h,0.5,f,f,0,f,g,228.0,0,0,7.07,92,312
a,19.58,0.665,u,g,w,v,1.665,f,f,0,f,g,220.0,5,0,16.38,1,1764
a,22.92,1.25,u,g,q,v,0.25,f,f,0,t,g,120.0,809,0,0.74,92,978
a,27.25,0.29,u,g,m,h,0.125,f,t,1,t,g,272.0,108,0,9.33,88,2869
a,38.75,1.5,u,g,ff,ff,0.0,f,f,0,f,g,76.0,0,0,12.51,89,2239
b,32.42,2.165,y,p,k,ff,0.0,f,f,0,f,g,120.0,0,0,3.47,74,806
a,23.75,0.71,u,g,w,v,0.25,f,t,1,t,g,240.0,4,0,12.72,98,2962
b,18.17,2.46,u,g,c,n,0.96,f,t,2,t,g,160.0,587,0,7.1,26,2029
b,40.92,0.5,y,p,m,v,0.5,f,f,0,t,g,130.0,0,0,11.58,36,1042
b,19.5,9.585,u,g,aa,v,0.79,f,f,0,f,g,80.0,350,0,18.46,18,1679
b,28.58,3.625,u,g,aa,v,0.25,f,f,0,t,g,100.0,0,0,18.65,92,1303
b,35.58,0.75,u,g,k,v,1.5,f,f,0,t,g,231.0,0,0,12.51,31,739
b,34.17,2.75,u,g,i,bb,2.5,f,f,0,t,g,232.0,200,0,15.11,82,1717
b,31.58,0.75,y,p,aa,v,3.5,f,f,0,t,g,320.0,0,0,2.93,42,753
a,52.5,7.0,u,g,aa,h,3.0,f,f,0,f,g,0.0,0,0,5.63,2,1386
b,36.17,0.42,y,p,w,v,0.29,f,f,0,t,g,309.0,2,0,2.16,97,2640
b,37.33,2.665,u,g,cc,v,0.165,f,f,0,t,g,0.0,501,0,18.62,65,351
a,20.83,8.5,u,g,c,v,0.165,f,f,0,f,g,0.0,351,0,6.61,81,628
b,24.08,9.0,u,g,aa,v,0.25,f,f,0,t,g,0.0,0,0,18.41,63,338
b,25.58,0.335,u,g,k,h,3.5,f,f,0,t,g,340.0,0,0,19.84,79,1736
a,35.17,3.75,u,g,ff,ff,0.0,f,t,6,f,g,0.0,200,0,8.14,13,497
b,48.08,3.75,u,g,i,bb,1.0,f,f,0,f,g,100.0,2,0,12.66,0,2592
a,15.83,7.625,u,g,q,v,0.125,f,t,1,t,g,0.0,160,0,17.97,67,1761
a,22.5,0.415,u,g,i,v,0.335,f,f,0,t,s,144.0,0,0,16.87,31,630
b,21.5,11.5,u,g,i,v,0.5,t,f,0,t,g,100.0,68,0,13.56,85,2115
a,23.58,0.83,u,g,q,v,0.415,f,t,1,t,g,200.0,11,0,16.7,32,2218
a,21.08,5.0,y,p,ff,ff,0.0,f,f,0,f,g,0.0,0,0,11.29,56,967
b,25.67,3.25,u,g,c,h,2.29,f,t,1,t,g,416.0,21,0,6.63,12,2016
a,38.92,1.665,u,g,aa,v,0.25,f,f,0,f,g,0.0,390,0,2.16,49,1660
a,15.75,0.375,u,g,c,v,1.0,f,f,0,f,g,120.0,18,0,16.44,60,2660
a,28.58,3.75,u,g,c,v,0.25,f,t,1,t,g,40.0,154,0,17.18,34,225
b,22.25,9.0,u,g,aa,v,0.085,f,f,0,f,g,0.0,0,0,4.62,52,995
b,29.83,3.5,u,g,c,v,0.165,f,f,0,f,g,216.0,0,0,15.85,69,2346
a,23.5,1.5,u,g,w,v,0.875,f,f,0,t,g,160.0,0,0,9.78,93,283
b,32.08,4.0,y,p,cc,v,1.5,f,f,0,t,g,120.0,0,0,13.63,25,1683
b,31.08,1.5,y,p,w,v,0.04,f,f,0,f,s,160.0,0,0,5.98,60,2683
b,31.83,0.04,y,p,m,v,0.04,f,f,0,f,g,0.0,0,0,4.02,80,759
a,21.75,11.75,u,g,c,v,0.25,f,f,0,t,g,180.0,0,0,6.83,97,671
a,17.92,0.54,u,g,c,v,1.75,f,t,1,t,g,80.0,5,0,4.0,57,879
b,30.33,0.5,u,g,d,h,0.085,f,f,0,t,s,252.0,0,0,13.54,24,2136
b,51.83,2.04,y,p,ff,ff,1.5,f,f,0,f,g,120.0,1,0,16.42,78,1808
b,47.17,5.835,u,g,w,v,5.5,f,f,0,f,g,465.0,150,0,7.52,36,1282
b,25.83,12.835,u,g,cc,v,0.5,f,f,0,f,g,0.0,2,0,13.56,50,1600
a,50.25,0.835,u,g,aa,v,0.5,f,f,0,t,g,240.0,117,0,10.81,56,1016
a,37.33,2.5,u,g,i,h,0.21,f,f,0,f,g,260.0,246,0,9.35,67,2429
a,41.58,1.04,u,g,aa,v,0.665,f,f,0,f,g,240.0,237,0,9.3,57,267
a,30.58,10.665,u,g,q,h,0.085,f,t,12,t,g,129.0,3,0,8.0,99,2653
b,19.42,7.25,u,g,m,v,0.04,f,t,1,f,g,100.0,1,0,11.73,81,1271
a,17.92,10.21,u,g,ff,ff,0.0,f,f,0,f,g,0.0,50,0,15.4,91,2298
a,20.08,1.25,u,g,c,v,0.0,f,f,0,f,g,0.0,0,0,12.88,7,715
b,19.5,0.29,u,g,k,v,0.29,f,f,0,f,g,280.0,364,0,4.35,43,272
b,27.83,1.0,y,p,d,h,3.0,f,f,0,f,g,176.0,537,0,5.96,8,2082
b,17.08,3.29,u,g,i,v,0.335,f,f,0,t,g,140.0,2,0,4.66,81,2988
b,36.42,0.75,y,p,d,v,0.585,f,f,0,f,g,240.0,3,0,3.86,1,1021
b,40.58,3.29,u,g,m,v,3.5,f,f,0,t,s,400.0,0,0,1.52,19,2433
b,21.08,10.085,y,p,e,h,1.25,f,f,0,f,g,260.0,0,0,13.97,66,2431
a,22.67,0.75,u,g,c,v,2.0,f,t,2,t,g,200.0,394,0,4.06,94,2616
a,25.25,13.5,y,p,ff,ff,2.0,f,t,1,t,g,200.0,1,0,1.92,26,1494
b,17.92,0.205,u,g,aa,v,0.04,f,f,0,f,g,280.0,750,0,2.99,6,1758
b,35.0,3.375,u,g,c,h,8.29,f,f,0,t,g,0.0,0,0,7.46,51,1007
